{
	"exercises":[
		{
		"question":1,
		"exercise":"Are You Learning French? yes",
		"answer":"Apprenez-vous  ",
		"subquestion":"Français? Oui"

		},

		{
		"question":2,
		"exercise":"Good evening, are you alone?",
		"answer":"bonsoir!  ",
		"subquestion":"êtes vous  seul?"

		},

		{
		"question":3,
		"exercise":"Yes, a room is free.Oui",
		"answer":"une chambre  ",
		"subquestion":"est libre"
		},
		{
		"question":4,
		"exercise":"Blessing is alone Blessing EST  ",
		"answer":"Seul",
		"subquestion":""
		},

		{
		"question":5,
		"exercise":"It cost £ 50",
		"answer":". Ça fait",
		"subquestion":"£ 50"
		},



	]
}