{
	"exercises":[
		{
		"question":1,
		"exercise":"Are You Mrs Naomi?",
		"answer":"Etes-vous",
		"subquestion":"Madame Naomi?"
		},
		{
		"question":2,
		"exercise":"It is not Mrs Naomi ’s office.",
		"answer":"Ce n’est",
		"subquestion":"pas le bureau de Madame Naomi?"
		},
		{
		"question":3,
		"exercise":"She is on break. Elle a pris ",
		"answer":"sa pause",
		"subquestion":""
		},
		{
		"question":4,
		"exercise":"The taxi will soon arrive.",
		"answer":"le taxi ",
		"subquestion":"va bientôt arriver."
		},
		{
		"question":5,
		"exercise":"It is a pleasure",
		"answer":"c’est un",
		"subquestion":"plaisir!"
		}
	]
}
